alt_text,url,source,name,contents,pos_hits,neg_hits,markdown_image
"Theories-of-Motivation-The-Good-the-Bad-and-the-Ugly.jpg 1,080×1,920 pixels",https://agility3.com/wp-content/uploads/2025/04/Theories-of-Motivation-The-Good-the-Bad-and-the-Ugly.jpg,agility3.com,"Theories-of-Motivation-The-Good-the-Bad-and-the-Ugly.jpg 1,080×1,920 pixels",,1,0,"![Theories-of-Motivation-The-Good-the-Bad-and-the-Ugly.jpg 1,080×1,920 pixels](https://agility3.com/wp-content/uploads/2025/04/Theories-of-Motivation-The-Good-the-Bad-and-the-Ugly.jpg)"
Motivation-Theories_final.jpg 500×366 pixels,https://businessjargons.com/wp-content/uploads/2015/12/Motivation-Theories_final.jpg,businessjargons.com,Motivation-Theories_final.jpg 500×366 pixels,,1,0,![Motivation-Theories_final.jpg 500×366 pixels](https://businessjargons.com/wp-content/uploads/2015/12/Motivation-Theories_final.jpg)
"3-key-elements-of-emotion.jpg 1,584×1,659 pixels",https://calmerry.com/wp-content/uploads/2021/05/3-key-elements-of-emotion.jpg,calmerry.com,"3-key-elements-of-emotion.jpg 1,584×1,659 pixels",,1,0,"![3-key-elements-of-emotion.jpg 1,584×1,659 pixels](https://calmerry.com/wp-content/uploads/2021/05/3-key-elements-of-emotion.jpg)"
"basic-vs-complex-emotions.png 1,584×1,972 pixels",https://calmerry.com/wp-content/uploads/2021/05/basic-vs-complex-emotions.png,calmerry.com,"basic-vs-complex-emotions.png 1,584×1,972 pixels",,1,0,"![basic-vs-complex-emotions.png 1,584×1,972 pixels](https://calmerry.com/wp-content/uploads/2021/05/basic-vs-complex-emotions.png)"
"brain-limbic-system.jpg 1,600×1,382 pixels",https://cdn.britannica.com/93/241793-050-6B2BF305/brain-limbic-system.jpg,cdn.britannica.com,"brain-limbic-system.jpg 1,600×1,382 pixels",,1,0,"![brain-limbic-system.jpg 1,600×1,382 pixels](https://cdn.britannica.com/93/241793-050-6B2BF305/brain-limbic-system.jpg)"
"67d983c233ccab916bbb4f59_Drive Reduction Theory of Motivation.jpg 1,920×853 pixels",https://cdn.prod.website-files.com/5b69a01ba2e409501de055d1/67d983c233ccab916bbb4f59_Drive%20Reduction%20Theory%20of%20Motivation.jpg,cdn.prod.website-files.com,"67d983c233ccab916bbb4f59_Drive Reduction Theory of Motivation.jpg 1,920×853 pixels",,3,0,"![67d983c233ccab916bbb4f59_Drive Reduction Theory of Motivation.jpg 1,920×853 pixels](https://cdn.prod.website-files.com/5b69a01ba2e409501de055d1/67d983c233ccab916bbb4f59_Drive%20Reduction%20Theory%20of%20Motivation.jpg)"
6878cc991513f026f855f808_645a1fc70c7f63e119a9efbe_Self-determination%20theory.png 700×412 pixels,https://cdn.prod.website-files.com/5b69a01ba2e409501de055d1/6878cc991513f026f855f808_645a1fc70c7f63e119a9efbe_Self-determination%2520theory.png,cdn.prod.website-files.com,6878cc991513f026f855f808_645a1fc70c7f63e119a9efbe_Self-determination%20theory.png 700×412 pixels,,1,0,![6878cc991513f026f855f808_645a1fc70c7f63e119a9efbe_Self-determination%20theory.png 700×412 pixels](https://cdn.prod.website-files.com/5b69a01ba2e409501de055d1/6878cc991513f026f855f808_645a1fc70c7f63e119a9efbe_Self-determination%2520theory.png)
"64182_httpscdn-savemyexams-comuploads2023031-4-4-herbergs-two-factor-theory-1.png 1,100×592 pixels",https://cdn.savemyexams.com/uploads/2025/08/64182_httpscdn-savemyexams-comuploads2023031-4-4-herbergs-two-factor-theory-1.png,cdn.savemyexams.com,"64182_httpscdn-savemyexams-comuploads2023031-4-4-herbergs-two-factor-theory-1.png 1,100×592 pixels",,1,0,"![64182_httpscdn-savemyexams-comuploads2023031-4-4-herbergs-two-factor-theory-1.png 1,100×592 pixels](https://cdn.savemyexams.com/uploads/2025/08/64182_httpscdn-savemyexams-comuploads2023031-4-4-herbergs-two-factor-theory-1.png)"
"emotions_vs_feelings_vs_moods.png 2,300×1,900 pixels",https://cdn.shopify.com/s/files/1/0606/6700/3112/files/emotions_vs_feelings_vs_moods.png?v=1701662776,cdn.shopify.com,"emotions_vs_feelings_vs_moods.png 2,300×1,900 pixels",,2,0,"![emotions_vs_feelings_vs_moods.png 2,300×1,900 pixels](https://cdn.shopify.com/s/files/1/0606/6700/3112/files/emotions_vs_feelings_vs_moods.png?v=1701662776)"
"dual-process-theory-emotional-of-logical-vector-51800200.jpg 1,000×553 pixels",https://cdn.vectorstock.com/i/1000v/02/00/dual-process-theory-emotional-of-logical-vector-51800200.jpg,cdn.vectorstock.com,"dual-process-theory-emotional-of-logical-vector-51800200.jpg 1,000×553 pixels",,2,0,"![dual-process-theory-emotional-of-logical-vector-51800200.jpg 1,000×553 pixels](https://cdn.vectorstock.com/i/1000v/02/00/dual-process-theory-emotional-of-logical-vector-51800200.jpg)"
motivation-scale.jpg 820×346 pixels,https://cdn2.hubspot.net/hubfs/164236/images/blog/motivation-scale.jpg?t=1497556735394,cdn2.hubspot.net,motivation-scale.jpg 820×346 pixels,,1,0,![motivation-scale.jpg 820×346 pixels](https://cdn2.hubspot.net/hubfs/164236/images/blog/motivation-scale.jpg?t=1497556735394)
"Emotion-activation.png 1,600×900 pixels",https://cognitiontoday.com/wp-content/uploads/2024/08/Emotion-activation.png,cognitiontoday.com,"Emotion-activation.png 1,600×900 pixels",,1,0,"![Emotion-activation.png 1,600×900 pixels](https://cognitiontoday.com/wp-content/uploads/2024/08/Emotion-activation.png)"
"motivation-in-sport-figure-2.jpg 1,473×678 pixels",https://d3rqy6w6tyyf68.cloudfront.net/AcuCustom/Sitename/DAM/128/motivation-in-sport-figure-2.jpg,d3rqy6w6tyyf68.cloudfront.net,"motivation-in-sport-figure-2.jpg 1,473×678 pixels",,1,0,"![motivation-in-sport-figure-2.jpg 1,473×678 pixels](https://d3rqy6w6tyyf68.cloudfront.net/AcuCustom/Sitename/DAM/128/motivation-in-sport-figure-2.jpg)"
"Response-Options-to-Emotional-Distress.png 1,545×2,000 pixels",https://dbtselfhelp.com/wp-content/uploads/2020/11/Response-Options-to-Emotional-Distress.png,dbtselfhelp.com,"Response-Options-to-Emotional-Distress.png 1,545×2,000 pixels",,2,1,"![Response-Options-to-Emotional-Distress.png 1,545×2,000 pixels](https://dbtselfhelp.com/wp-content/uploads/2020/11/Response-Options-to-Emotional-Distress.png)"
"INSERT-11.4-Motivation-to-Learn-Textbook-Graphic.png 1,309×796 pixels",https://ecampusontario.pressbooks.pub/app/uploads/sites/845/2020/10/INSERT-11.4-Motivation-to-Learn-Textbook-Graphic.png,ecampusontario.pressbooks.pub,"INSERT-11.4-Motivation-to-Learn-Textbook-Graphic.png 1,309×796 pixels",,1,0,"![INSERT-11.4-Motivation-to-Learn-Textbook-Graphic.png 1,309×796 pixels](https://ecampusontario.pressbooks.pub/app/uploads/sites/845/2020/10/INSERT-11.4-Motivation-to-Learn-Textbook-Graphic.png)"
"Figure-3.2-Cognitive-Appraisal.png 1,393×1,351 pixels",https://ecampusontario.pressbooks.pub/app/uploads/sites/2278/2022/02/Figure-3.2-Cognitive-Appraisal.png,ecampusontario.pressbooks.pub,"Figure-3.2-Cognitive-Appraisal.png 1,393×1,351 pixels",,1,0,"![Figure-3.2-Cognitive-Appraisal.png 1,393×1,351 pixels](https://ecampusontario.pressbooks.pub/app/uploads/sites/2278/2022/02/Figure-3.2-Cognitive-Appraisal.png)"
"02_emotion-commotion_fitgames-feature-images2.jpg 4,267×2,400 pixels",https://fit.sanfordhealth.org/-/media/fit/images/fitgames/02_emotion-commotion_fitgames-feature-images2.jpg?h=2400&iar=0&w=4267&hash=AE0909C6923443CABE90191F2A6693C7,fit.sanfordhealth.org,"02_emotion-commotion_fitgames-feature-images2.jpg 4,267×2,400 pixels",,1,0,"![02_emotion-commotion_fitgames-feature-images2.jpg 4,267×2,400 pixels](https://fit.sanfordhealth.org/-/media/fit/images/fitgames/02_emotion-commotion_fitgames-feature-images2.jpg?h=2400&iar=0&w=4267&hash=AE0909C6923443CABE90191F2A6693C7)"
"mcclelland-theory-of-needs.png 2,560×1,931 pixels",https://fourweekmba.com/wp-content/uploads/2023/12/mcclelland-theory-of-needs.png,fourweekmba.com,"mcclelland-theory-of-needs.png 2,560×1,931 pixels",,1,0,"![mcclelland-theory-of-needs.png 2,560×1,931 pixels](https://fourweekmba.com/wp-content/uploads/2023/12/mcclelland-theory-of-needs.png)"
"selfdeterminationtheorymotivation.jpg 1,337×608 pixels",https://gostrengths.com/wp-content/uploads/2012/03/selfdeterminationtheorymotivation.jpg,gostrengths.com,"selfdeterminationtheorymotivation.jpg 1,337×608 pixels",,1,0,"![selfdeterminationtheorymotivation.jpg 1,337×608 pixels](https://gostrengths.com/wp-content/uploads/2012/03/selfdeterminationtheorymotivation.jpg)"
motivation.jpg 940×485 pixels,https://hawkoffbeat.wordpress.com/wp-content/uploads/2020/08/motivation.jpg,hawkoffbeat.wordpress.com,motivation.jpg 940×485 pixels,,1,0,![motivation.jpg 940×485 pixels](https://hawkoffbeat.wordpress.com/wp-content/uploads/2020/08/motivation.jpg)
"Yerkes-Dodson-Law-Definition-1024x724.jpg 1,024×724 pixels",https://helpfulprofessor.com/wp-content/uploads/2023/08/Yerkes-Dodson-Law-Definition-1024x724.jpg,helpfulprofessor.com,"Yerkes-Dodson-Law-Definition-1024x724.jpg 1,024×724 pixels",,2,0,"![Yerkes-Dodson-Law-Definition-1024x724.jpg 1,024×724 pixels](https://helpfulprofessor.com/wp-content/uploads/2023/08/Yerkes-Dodson-Law-Definition-1024x724.jpg)"
"Yerkes-Dodson-Law-1024x621.jpg 1,024×621 pixels",https://helpfulprofessor.com/wp-content/uploads/2023/08/Yerkes-Dodson-Law-1024x621.jpg,helpfulprofessor.com,"Yerkes-Dodson-Law-1024x621.jpg 1,024×621 pixels",,2,0,"![Yerkes-Dodson-Law-1024x621.jpg 1,024×621 pixels](https://helpfulprofessor.com/wp-content/uploads/2023/08/Yerkes-Dodson-Law-1024x621.jpg)"
"drive-reduction-theory.jpg 1,280×905 pixels",https://helpfulprofessor.com/wp-content/uploads/2023/04/drive-reduction-theory.jpg,helpfulprofessor.com,"drive-reduction-theory.jpg 1,280×905 pixels",,2,0,"![drive-reduction-theory.jpg 1,280×905 pixels](https://helpfulprofessor.com/wp-content/uploads/2023/04/drive-reduction-theory.jpg)"
"types-of-motivation.jpg 1,280×905 pixels",https://helpfulprofessor.com/wp-content/uploads/2023/04/types-of-motivation.jpg,helpfulprofessor.com,"types-of-motivation.jpg 1,280×905 pixels",,1,0,"![types-of-motivation.jpg 1,280×905 pixels](https://helpfulprofessor.com/wp-content/uploads/2023/04/types-of-motivation.jpg)"
"instinct-theory-of-motivation.jpg 1,280×905 pixels",https://helpfulprofessor.com/wp-content/uploads/2023/04/instinct-theory-of-motivation.jpg,helpfulprofessor.com,"instinct-theory-of-motivation.jpg 1,280×905 pixels",,1,0,"![instinct-theory-of-motivation.jpg 1,280×905 pixels](https://helpfulprofessor.com/wp-content/uploads/2023/04/instinct-theory-of-motivation.jpg)"
"motivation-theories-1024x724.jpg 1,024×724 pixels",https://helpfulprofessor.com/wp-content/uploads/2023/05/motivation-theories-1024x724.jpg,helpfulprofessor.com,"motivation-theories-1024x724.jpg 1,024×724 pixels",,1,0,"![motivation-theories-1024x724.jpg 1,024×724 pixels](https://helpfulprofessor.com/wp-content/uploads/2023/05/motivation-theories-1024x724.jpg)"
"instinct-theory-of-motivation-1024x724.jpg 1,024×724 pixels",https://helpfulprofessor.com/wp-content/uploads/2023/04/instinct-theory-of-motivation-1024x724.jpg,helpfulprofessor.com,"instinct-theory-of-motivation-1024x724.jpg 1,024×724 pixels",,1,0,"![instinct-theory-of-motivation-1024x724.jpg 1,024×724 pixels](https://helpfulprofessor.com/wp-content/uploads/2023/04/instinct-theory-of-motivation-1024x724.jpg)"
"self-determination-theory-definition-examples.jpg 1,280×905 pixels",https://helpfulprofessor.com/wp-content/uploads/2022/11/self-determination-theory-definition-examples.jpg,helpfulprofessor.com,"self-determination-theory-definition-examples.jpg 1,280×905 pixels",,1,0,"![self-determination-theory-definition-examples.jpg 1,280×905 pixels](https://helpfulprofessor.com/wp-content/uploads/2022/11/self-determination-theory-definition-examples.jpg)"
"599594-What-the-Yerkes-Dodson-Law-Says-About-Stress-and-Performance1296x728-header-body.20200921052900517-1296x985.jpg 1,155×877 pixels",https://i0.wp.com/post.healthline.com/wp-content/uploads/2020/09/599594-What-the-Yerkes-Dodson-Law-Says-About-Stress-and-Performance1296x728-header-body.20200921052900517-1296x985.jpg?w=1155&h=2072,i0.wp.com,"599594-What-the-Yerkes-Dodson-Law-Says-About-Stress-and-Performance1296x728-header-body.20200921052900517-1296x985.jpg 1,155×877 pixels",,2,1,"![599594-What-the-Yerkes-Dodson-Law-Says-About-Stress-and-Performance1296x728-header-body.20200921052900517-1296x985.jpg 1,155×877 pixels](https://i0.wp.com/post.healthline.com/wp-content/uploads/2020/09/599594-What-the-Yerkes-Dodson-Law-Says-About-Stress-and-Performance1296x728-header-body.20200921052900517-1296x985.jpg?w=1155&h=2072)"
"drive-reduction-theory.png 2,560×1,931 pixels",https://i0.wp.com/fourweekmba.com/wp-content/uploads/2023/08/drive-reduction-theory.png?fit=2560%2C1931&ssl=1,i0.wp.com,"drive-reduction-theory.png 2,560×1,931 pixels",,2,0,"![drive-reduction-theory.png 2,560×1,931 pixels](https://i0.wp.com/fourweekmba.com/wp-content/uploads/2023/08/drive-reduction-theory.png?fit=2560%2C1931&ssl=1)"
"motivation-and-homeostasis-l.jpg 1,024×768 pixels",https://image.slideserve.com/1282130/motivation-and-homeostasis-l.jpg,image.slideserve.com,"motivation-and-homeostasis-l.jpg 1,024×768 pixels",,2,0,"![motivation-and-homeostasis-l.jpg 1,024×768 pixels](https://image.slideserve.com/1282130/motivation-and-homeostasis-l.jpg)"
motivation-theories-17-638.jpg 638×479 pixels,https://image.slidesharecdn.com/motivation-130304030846-phpapp01/95/motivation-theories-17-638.jpg?cb=1362388197,image.slidesharecdn.com,motivation-theories-17-638.jpg 638×479 pixels,,1,0,![motivation-theories-17-638.jpg 638×479 pixels](https://image.slidesharecdn.com/motivation-130304030846-phpapp01/95/motivation-theories-17-638.jpg?cb=1362388197)
"Motivation-in-historical-perspective-9-2048.jpg 2,048×1,536 pixels",https://image.slidesharecdn.com/motivationinhistoricalperspective-160815225904/75/Motivation-in-historical-perspective-9-2048.jpg,image.slidesharecdn.com,"Motivation-in-historical-perspective-9-2048.jpg 2,048×1,536 pixels",,1,0,"![Motivation-in-historical-perspective-9-2048.jpg 2,048×1,536 pixels](https://image.slidesharecdn.com/motivationinhistoricalperspective-160815225904/75/Motivation-in-historical-perspective-9-2048.jpg)"
"Biological-Theories-of-Motivation.png 1,200×675 pixels",https://images.examples.com/wp-content/uploads/2024/07/Biological-Theories-of-Motivation.png,images.examples.com,"Biological-Theories-of-Motivation.png 1,200×675 pixels",,1,0,"![Biological-Theories-of-Motivation.png 1,200×675 pixels](https://images.examples.com/wp-content/uploads/2024/07/Biological-Theories-of-Motivation.png)"
"Comparative-Theories-of-Motivation.png 1,200×675 pixels",https://images.examples.com/wp-content/uploads/2024/07/Comparative-Theories-of-Motivation.png,images.examples.com,"Comparative-Theories-of-Motivation.png 1,200×675 pixels",,1,0,"![Comparative-Theories-of-Motivation.png 1,200×675 pixels](https://images.examples.com/wp-content/uploads/2024/07/Comparative-Theories-of-Motivation.png)"
"Emotional+Regulation+Hierarchy.png 1,454×2,000 pixels",https://images.squarespace-cdn.com/content/v1/59f65b4bcf81e02892fc4e2d/1603378362346-8C2H2LET1F5BS686AHSL/Emotional+Regulation+Hierarchy.png,images.squarespace-cdn.com,"Emotional+Regulation+Hierarchy.png 1,454×2,000 pixels",,2,0,"![Emotional+Regulation+Hierarchy.png 1,454×2,000 pixels](https://images.squarespace-cdn.com/content/v1/59f65b4bcf81e02892fc4e2d/1603378362346-8C2H2LET1F5BS686AHSL/Emotional+Regulation+Hierarchy.png)"
"Kyria-Energy-Emotion-1024x971.png 1,024×971 pixels",https://kyrianetwork.com/wp-content/uploads/2025/03/Kyria-Energy-Emotion-1024x971.png,kyrianetwork.com,"Kyria-Energy-Emotion-1024x971.png 1,024×971 pixels",,1,0,"![Kyria-Energy-Emotion-1024x971.png 1,024×971 pixels](https://kyrianetwork.com/wp-content/uploads/2025/03/Kyria-Energy-Emotion-1024x971.png)"
"Theories-of-Motivation.jpg 1,200×900 pixels",https://mambo.io/s/img/wp-content/uploads/2023/11/Theories-of-Motivation.jpg,mambo.io,"Theories-of-Motivation.jpg 1,200×900 pixels",,1,0,"![Theories-of-Motivation.jpg 1,200×900 pixels](https://mambo.io/s/img/wp-content/uploads/2023/11/Theories-of-Motivation.jpg)"
"2883681-The-limbic-system_1296x806_body-1024x638.png 1,024×638 pixels",https://media.post.rvohealth.io/wp-content/uploads/sites/3/2023/10/2883681-The-limbic-system_1296x806_body-1024x638.png,media.post.rvohealth.io,"2883681-The-limbic-system_1296x806_body-1024x638.png 1,024×638 pixels",,1,0,"![2883681-The-limbic-system_1296x806_body-1024x638.png 1,024×638 pixels](https://media.post.rvohealth.io/wp-content/uploads/sites/3/2023/10/2883681-The-limbic-system_1296x806_body-1024x638.png)"
"purposeofemotionswatermark.png 1,946×2,518 pixels",https://mentalhealthcenterkids.com/cdn/shop/files/purposeofemotionswatermark.png?v=1710140358&width=1946,mentalhealthcenterkids.com,"purposeofemotionswatermark.png 1,946×2,518 pixels",,1,0,"![purposeofemotionswatermark.png 1,946×2,518 pixels](https://mentalhealthcenterkids.com/cdn/shop/files/purposeofemotionswatermark.png?v=1710140358&width=1946)"
"lab-logo-with-photos-new-new_orig.jpg 1,496×744 pixels",https://mindemotiondevelopmentlab.ucdavis.edu/uploads/1/3/3/8/133856671/lab-logo-with-photos-new-new_orig.jpg,mindemotiondevelopmentlab.ucdavis.edu,"lab-logo-with-photos-new-new_orig.jpg 1,496×744 pixels",,1,0,"![lab-logo-with-photos-new-new_orig.jpg 1,496×744 pixels](https://mindemotiondevelopmentlab.ucdavis.edu/uploads/1/3/3/8/133856671/lab-logo-with-photos-new-new_orig.jpg)"
"emotion-anger-body-evolution-neuroscience-1025x1025.jpg 1,025×1,025 pixels",https://neurosciencenews.com/files/2024/12/emotion-anger-body-evolution-neuroscience-1025x1025.jpg,neurosciencenews.com,"emotion-anger-body-evolution-neuroscience-1025x1025.jpg 1,025×1,025 pixels",,1,0,"![emotion-anger-body-evolution-neuroscience-1025x1025.jpg 1,025×1,025 pixels](https://neurosciencenews.com/files/2024/12/emotion-anger-body-evolution-neuroscience-1025x1025.jpg)"
"motivation.png 1,405×731 pixels",https://nic.pressbooks.pub/app/uploads/sites/16/2017/08/motivation.png,nic.pressbooks.pub,"motivation.png 1,405×731 pixels",,1,0,"![motivation.png 1,405×731 pixels](https://nic.pressbooks.pub/app/uploads/sites/16/2017/08/motivation.png)"
"Motivation-Theories-Tools-Keynote-Template10.jpg 1,200×800 pixels",https://nulivo.s3.us-east-2.amazonaws.com/media/users/IsoDesigns/products/1346/screenshots/Motivation-Theories-Tools-Keynote-Template10.jpg?v=1,nulivo.s3.us-east-2.amazonaws.com,"Motivation-Theories-Tools-Keynote-Template10.jpg 1,200×800 pixels",,1,0,"![Motivation-Theories-Tools-Keynote-Template10.jpg 1,200×800 pixels](https://nulivo.s3.us-east-2.amazonaws.com/media/users/IsoDesigns/products/1346/screenshots/Motivation-Theories-Tools-Keynote-Template10.jpg?v=1)"
"Motivation-Theories-Tools-Keynote-Template15.jpg 1,200×800 pixels",https://nulivo.s3.us-east-2.amazonaws.com/media/users/IsoDesigns/products/1346/screenshots/Motivation-Theories-Tools-Keynote-Template15.jpg?v=1,nulivo.s3.us-east-2.amazonaws.com,"Motivation-Theories-Tools-Keynote-Template15.jpg 1,200×800 pixels",,1,0,"![Motivation-Theories-Tools-Keynote-Template15.jpg 1,200×800 pixels](https://nulivo.s3.us-east-2.amazonaws.com/media/users/IsoDesigns/products/1346/screenshots/Motivation-Theories-Tools-Keynote-Template15.jpg?v=1)"
"Motivation-Theories-Tools-Keynote-Template11.jpg 1,200×800 pixels",https://nulivo.s3.us-east-2.amazonaws.com/media/users/IsoDesigns/products/1346/screenshots/Motivation-Theories-Tools-Keynote-Template11.jpg?v=1,nulivo.s3.us-east-2.amazonaws.com,"Motivation-Theories-Tools-Keynote-Template11.jpg 1,200×800 pixels",,1,0,"![Motivation-Theories-Tools-Keynote-Template11.jpg 1,200×800 pixels](https://nulivo.s3.us-east-2.amazonaws.com/media/users/IsoDesigns/products/1346/screenshots/Motivation-Theories-Tools-Keynote-Template11.jpg?v=1)"
helpful-infographic-for-identifying-emotions-thanks-v0-j4gr2qndsm9d1,https://preview.redd.it/helpful-infographic-for-identifying-emotions-thanks-v0-j4gr2qndsm9d1.jpeg?width=1080&crop=smart&auto=webp&s=bccbb3a81fdf111f31790363a473019e9ab51078,preview.redd.it,helpful-infographic-for-identifying-emotions-thanks-v0-j4gr2qndsm9d1,helpful-infographic-for-identifying-emotions-thanks-v0-j4gr2qndsm9d1,1,0,![helpful-infographic-for-identifying-emotions-thanks-v0-j4gr2qndsm9d1](https://preview.redd.it/helpful-infographic-for-identifying-emotions-thanks-v0-j4gr2qndsm9d1.jpeg?width=1080&crop=smart&auto=webp&s=bccbb3a81fdf111f31790363a473019e9ab51078)
"what-are-emotions-scaled.jpg 2,560×1,536 pixels",https://psy-chula.sgp1.digitaloceanspaces.com/wp-content/uploads/2023/03/what-are-emotions-scaled.jpg,psy-chula.sgp1.digitaloceanspaces.com,"what-are-emotions-scaled.jpg 2,560×1,536 pixels",,1,0,"![what-are-emotions-scaled.jpg 2,560×1,536 pixels](https://psy-chula.sgp1.digitaloceanspaces.com/wp-content/uploads/2023/03/what-are-emotions-scaled.jpg)"
9795183.jpg 521×354 pixels,https://psych-emotions.weebly.com/uploads/5/5/4/0/55404713/9795183.jpg?1437910649,psych-emotions.weebly.com,9795183.jpg 521×354 pixels,,1,0,![9795183.jpg 521×354 pixels](https://psych-emotions.weebly.com/uploads/5/5/4/0/55404713/9795183.jpg?1437910649)
"functions_of_brain1.jpg 1,050×765 pixels",https://reachingfordreams.com/images/Biology/Homeostasis/NervousSystem/functions_of_brain1.jpg,reachingfordreams.com,"functions_of_brain1.jpg 1,050×765 pixels",,1,0,"![functions_of_brain1.jpg 1,050×765 pixels](https://reachingfordreams.com/images/Biology/Homeostasis/NervousSystem/functions_of_brain1.jpg)"
ERGandMaslow1.png 617×413 pixels,https://s3-us-west-2.amazonaws.com/courses-images/wp-content/uploads/sites/1972/2017/08/04013240/ERGandMaslow1.png,s3-us-west-2.amazonaws.com,ERGandMaslow1.png 617×413 pixels,,1,0,![ERGandMaslow1.png 617×413 pixels](https://s3-us-west-2.amazonaws.com/courses-images/wp-content/uploads/sites/1972/2017/08/04013240/ERGandMaslow1.png)
"Incentive-Theory-of-Motivation-jpg-webp.webp 1,280×720 pixels",https://slidebazaar.com/wp-content/uploads/2022/11/Incentive-Theory-of-Motivation-jpg-webp.webp,slidebazaar.com,"Incentive-Theory-of-Motivation-jpg-webp.webp 1,280×720 pixels",,2,0,"![Incentive-Theory-of-Motivation-jpg-webp.webp 1,280×720 pixels](https://slidebazaar.com/wp-content/uploads/2022/11/Incentive-Theory-of-Motivation-jpg-webp.webp)"
positive-psychology-emotional-intelligence-emotion-balance-and-control-vector.jpg 980×980 pixels,https://static.vecteezy.com/system/resources/previews/047/094/536/non_2x/positive-psychology-emotional-intelligence-emotion-balance-and-control-vector.jpg,static.vecteezy.com,positive-psychology-emotional-intelligence-emotion-balance-and-control-vector.jpg 980×980 pixels,,2,0,![positive-psychology-emotional-intelligence-emotion-balance-and-control-vector.jpg 980×980 pixels](https://static.vecteezy.com/system/resources/previews/047/094/536/non_2x/positive-psychology-emotional-intelligence-emotion-balance-and-control-vector.jpg)
emotion-levels-on-the-scale-of-different-faces-icon-design-element-for-feedback-review-rating-product-review-set-emoji-with-different-emotio,https://static.vecteezy.com/system/resources/previews/007/802/611/non_2x/emotion-levels-on-the-scale-of-different-faces-icon-design-element-for-feedback-review-rating-product-review-set-emoji-with-different-emotions-on-white-background-illustration-vector.jpg,static.vecteezy.com,emotion-levels-on-the-scale-of-different-faces-icon-design-element-for-feedback-review-rating-product-review-set-emoji-with-different-emotions-on-white-background-illustration-vector.jpg 980×980 pixels,,1,0,![emotion-levels-on-the-scale-of-different-faces-icon-design-element-for-feedback-review-rating-product-review-set-emoji-with-different-emotio](https://static.vecteezy.com/system/resources/previews/007/802/611/non_2x/emotion-levels-on-the-scale-of-different-faces-icon-design-element-for-feedback-review-rating-product-review-set-emoji-with-different-emotions-on-white-background-illustration-vector.jpg)
emotion-levels-on-the-scale-of-different-faces-icon-design-element-for-feedback-review-rating-product-review-a-set-of-emoji-with-different-e,https://static.vecteezy.com/system/resources/previews/007/504/538/non_2x/emotion-levels-on-the-scale-of-different-faces-icon-design-element-for-feedback-review-rating-product-review-a-set-of-emoji-with-different-emotions-on-a-white-background-illustration-vector.jpg,static.vecteezy.com,"emotion-levels-on-the-scale-of-different-faces-icon-design-element-for-feedback-review-rating-product-review-a-set-of-emoji-with-different-emotions-on-a-white-background-illustration-vector.jpg 1,920×480 pixels",,1,0,![emotion-levels-on-the-scale-of-different-faces-icon-design-element-for-feedback-review-rating-product-review-a-set-of-emoji-with-different-e](https://static.vecteezy.com/system/resources/previews/007/504/538/non_2x/emotion-levels-on-the-scale-of-different-faces-icon-design-element-for-feedback-review-rating-product-review-a-set-of-emoji-with-different-emotions-on-a-white-background-illustration-vector.jpg)
"maslow.jpg 1,344×1,000 pixels",https://stonerounds.org/public/img/maslow.jpg,stonerounds.org,"maslow.jpg 1,344×1,000 pixels",,1,0,"![maslow.jpg 1,344×1,000 pixels](https://stonerounds.org/public/img/maslow.jpg)"
"search-images/""Intrinsic_vs_extrinsic_motivation_psychology_infographic_illustrating_internal_rewards_and_external_incentives""-INSERT-11.4-M",https://storage.googleapis.com/static.prod.fiveable.me/search-images%2F%22Intrinsic_vs_extrinsic_motivation_psychology_infographic_illustrating_internal_rewards_and_external_incentives%22-INSERT-11.4-Motivation-to-Learn-Textbook-Graphic.png,storage.googleapis.com,"search-images/""Intrinsic_vs_extrinsic_motivation_psychology_infographic_illustrating_internal_rewards_and_external_incentives""-INSERT-11.4-Motivation-to-Learn-Textbook-Graphic.png 1,309×796 pixels",,4,0,"![search-images/""Intrinsic_vs_extrinsic_motivation_psychology_infographic_illustrating_internal_rewards_and_external_incentives""-INSERT-11.4-M](https://storage.googleapis.com/static.prod.fiveable.me/search-images%2F%22Intrinsic_vs_extrinsic_motivation_psychology_infographic_illustrating_internal_rewards_and_external_incentives%22-INSERT-11.4-Motivation-to-Learn-Textbook-Graphic.png)"
"lead-motivation-theories-herzberg_original.png 2,398×1,395 pixels",https://thecompletemedic.com/images/core/lead-motivation-theories-herzberg_original.png,thecompletemedic.com,"lead-motivation-theories-herzberg_original.png 2,398×1,395 pixels",,1,0,"![lead-motivation-theories-herzberg_original.png 2,398×1,395 pixels](https://thecompletemedic.com/images/core/lead-motivation-theories-herzberg_original.png)"
"Yerkes-Dodson-Law-The-Pathfinder-Coach.png 3,508×2,481 pixels",https://thepathfinder.org/wp-content/uploads/2023/05/Yerkes-Dodson-Law-The-Pathfinder-Coach.png,thepathfinder.org,"Yerkes-Dodson-Law-The-Pathfinder-Coach.png 3,508×2,481 pixels",,2,0,"![Yerkes-Dodson-Law-The-Pathfinder-Coach.png 3,508×2,481 pixels](https://thepathfinder.org/wp-content/uploads/2023/05/Yerkes-Dodson-Law-The-Pathfinder-Coach.png)"
"2048px-Circumplex_model_of_emotion.svg.png 2,048×2,048 pixels",https://upload.wikimedia.org/wikipedia/commons/thumb/a/ad/Circumplex_model_of_emotion.svg/2048px-Circumplex_model_of_emotion.svg.png,upload.wikimedia.org,"2048px-Circumplex_model_of_emotion.svg.png 2,048×2,048 pixels",,1,0,"![2048px-Circumplex_model_of_emotion.svg.png 2,048×2,048 pixels](https://upload.wikimedia.org/wikipedia/commons/thumb/a/ad/Circumplex_model_of_emotion.svg/2048px-Circumplex_model_of_emotion.svg.png)"
"needs-ladder-1.png 2,400×1,800 pixels",https://usergeneratededucation.wordpress.com/wp-content/uploads/2023/01/needs-ladder-1.png,usergeneratededucation.wordpress.com,"needs-ladder-1.png 2,400×1,800 pixels",,1,0,"![needs-ladder-1.png 2,400×1,800 pixels](https://usergeneratededucation.wordpress.com/wp-content/uploads/2023/01/needs-ladder-1.png)"
"ekman-basic-emotions.jpg 1,144×916 pixels",https://www-cdn.morphcast.com/wp-content/uploads/2023/10/ekman-basic-emotions.jpg,www-cdn.morphcast.com,"ekman-basic-emotions.jpg 1,144×916 pixels",,1,0,"![ekman-basic-emotions.jpg 1,144×916 pixels](https://www-cdn.morphcast.com/wp-content/uploads/2023/10/ekman-basic-emotions.jpg)"
"Cascade-of-Emotions.jpeg 880×1,096 pixels",https://www.6seconds.org/wp-content/uploads/2022/07/Cascade-of-Emotions.jpeg,www.6seconds.org,"Cascade-of-Emotions.jpeg 880×1,096 pixels",,1,0,"![Cascade-of-Emotions.jpeg 880×1,096 pixels](https://www.6seconds.org/wp-content/uploads/2022/07/Cascade-of-Emotions.jpeg)"
"Arousal-Theory-of-Motivation-AP-Psychology-Review.png 1,400×800 pixels",https://www.albert.io/blog/wp-content/uploads/2019/12/Arousal-Theory-of-Motivation-AP-Psychology-Review.png,www.albert.io,"Arousal-Theory-of-Motivation-AP-Psychology-Review.png 1,400×800 pixels",,2,0,"![Arousal-Theory-of-Motivation-AP-Psychology-Review.png 1,400×800 pixels](https://www.albert.io/blog/wp-content/uploads/2019/12/Arousal-Theory-of-Motivation-AP-Psychology-Review.png)"
"infographics-self-determination-intrinsic-versus-extrinsic-motivation.jpg 1,280×720 pixels",https://www.ckju.net/en/system/files/infographics-self-determination-intrinsic-versus-extrinsic-motivation.jpg,www.ckju.net,"infographics-self-determination-intrinsic-versus-extrinsic-motivation.jpg 1,280×720 pixels",,4,0,"![infographics-self-determination-intrinsic-versus-extrinsic-motivation.jpg 1,280×720 pixels](https://www.ckju.net/en/system/files/infographics-self-determination-intrinsic-versus-extrinsic-motivation.jpg)"
"mcclellands-theory-of-needs.webp 1,500×918 pixels",https://www.communicationtheory.org/wp-content/uploads/2023/01/mcclellands-theory-of-needs.webp,www.communicationtheory.org,"mcclellands-theory-of-needs.webp 1,500×918 pixels",,1,0,"![mcclellands-theory-of-needs.webp 1,500×918 pixels](https://www.communicationtheory.org/wp-content/uploads/2023/01/mcclellands-theory-of-needs.webp)"
"Motivation-Graphic-Blog-1.png 800×1,200 pixels",https://www.melindaurick.com/wp-content/uploads/2021/03/Motivation-Graphic-Blog-1.png,www.melindaurick.com,"Motivation-Graphic-Blog-1.png 800×1,200 pixels",,1,0,"![Motivation-Graphic-Blog-1.png 800×1,200 pixels](https://www.melindaurick.com/wp-content/uploads/2021/03/Motivation-Graphic-Blog-1.png)"
"universal-emotion-messages.png 1,024×768 pixels",https://www.paulekman.com/wp-content/uploads/2023/08/universal-emotion-messages.png,www.paulekman.com,"universal-emotion-messages.png 1,024×768 pixels",,1,0,"![universal-emotion-messages.png 1,024×768 pixels](https://www.paulekman.com/wp-content/uploads/2023/08/universal-emotion-messages.png)"
"expectancy_theory_peoplegoal.png 1,200×684 pixels",https://www.peoplegoal.com/blog/wp-content/uploads/ct/images.ctfassets.net/6g4s9n00xmsl/2uMpCcP2NOaZjuSoqUPnjh/cdbbb87bfad5e7d1fbf20691e0ae1067/expectancy_theory_peoplegoal.png,www.peoplegoal.com,"expectancy_theory_peoplegoal.png 1,200×684 pixels",,1,0,"![expectancy_theory_peoplegoal.png 1,200×684 pixels](https://www.peoplegoal.com/blog/wp-content/uploads/ct/images.ctfassets.net/6g4s9n00xmsl/2uMpCcP2NOaZjuSoqUPnjh/cdbbb87bfad5e7d1fbf20691e0ae1067/expectancy_theory_peoplegoal.png)"
"expectancy_theory_components.png 1,200×684 pixels",https://www.peoplegoal.com/blog/wp-content/uploads/ct/images.ctfassets.net/6g4s9n00xmsl/7DaplDn02w3dLWa7jd0Xwy/c51835d72cb05a32fdd2572a6c63a202/expectancy_theory_components.png,www.peoplegoal.com,"expectancy_theory_components.png 1,200×684 pixels",,1,0,"![expectancy_theory_components.png 1,200×684 pixels](https://www.peoplegoal.com/blog/wp-content/uploads/ct/images.ctfassets.net/6g4s9n00xmsl/7DaplDn02w3dLWa7jd0Xwy/c51835d72cb05a32fdd2572a6c63a202/expectancy_theory_components.png)"
"customer-emotion.webp 2,500×1,667 pixels",https://www.pihappiness.com/wp-content/uploads/2025/03/customer-emotion.webp,www.pihappiness.com,"customer-emotion.webp 2,500×1,667 pixels",,1,0,"![customer-emotion.webp 2,500×1,667 pixels](https://www.pihappiness.com/wp-content/uploads/2025/03/customer-emotion.webp)"
a-Major-brain-areas-involved-in-emotional-processing-including-emotion-generation-and.png 850×821 pixels,https://www.researchgate.net/publication/357576486/figure/fig1/AS:1180825597018159@1658542169658/a-Major-brain-areas-involved-in-emotional-processing-including-emotion-generation-and.png,www.researchgate.net,a-Major-brain-areas-involved-in-emotional-processing-including-emotion-generation-and.png 850×821 pixels,,2,0,![a-Major-brain-areas-involved-in-emotional-processing-including-emotion-generation-and.png 850×821 pixels](https://www.researchgate.net/publication/357576486/figure/fig1/AS:1180825597018159@1658542169658/a-Major-brain-areas-involved-in-emotional-processing-including-emotion-generation-and.png)
Self-determination-theory-continuum-of-motivation-with-representative-items-Adapted-from.png 850×478 pixels,https://www.researchgate.net/publication/312799633/figure/fig1/AS:456780183543808@1485916290198/Self-determination-theory-continuum-of-motivation-with-representative-items-Adapted-from.png,www.researchgate.net,Self-determination-theory-continuum-of-motivation-with-representative-items-Adapted-from.png 850×478 pixels,,2,0,![Self-determination-theory-continuum-of-motivation-with-representative-items-Adapted-from.png 850×478 pixels](https://www.researchgate.net/publication/312799633/figure/fig1/AS:456780183543808@1485916290198/Self-determination-theory-continuum-of-motivation-with-representative-items-Adapted-from.png)
Regions-associated-with-empathy-as-informed-by-lesion-and-fMRI-studies-Feelings-of.jpg 575×479 pixels,https://www.researchgate.net/publication/352089347/figure/fig3/AS:1032784646782981@1623246456613/Regions-associated-with-empathy-as-informed-by-lesion-and-fMRI-studies-Feelings-of.jpg,www.researchgate.net,Regions-associated-with-empathy-as-informed-by-lesion-and-fMRI-studies-Feelings-of.jpg 575×479 pixels,,1,0,![Regions-associated-with-empathy-as-informed-by-lesion-and-fMRI-studies-Feelings-of.jpg 575×479 pixels](https://www.researchgate.net/publication/352089347/figure/fig3/AS:1032784646782981@1623246456613/Regions-associated-with-empathy-as-informed-by-lesion-and-fMRI-studies-Feelings-of.jpg)
Four-hypotheses-for-emotion-processing-in-the-brain-have-been-put-forward-Figure-based.jpg 850×902 pixels,https://www.researchgate.net/publication/255736912/figure/fig8/AS:669626618900511@1536662835882/Four-hypotheses-for-emotion-processing-in-the-brain-have-been-put-forward-Figure-based.jpg,www.researchgate.net,Four-hypotheses-for-emotion-processing-in-the-brain-have-been-put-forward-Figure-based.jpg 850×902 pixels,,1,0,![Four-hypotheses-for-emotion-processing-in-the-brain-have-been-put-forward-Figure-based.jpg 850×902 pixels](https://www.researchgate.net/publication/255736912/figure/fig8/AS:669626618900511@1536662835882/Four-hypotheses-for-emotion-processing-in-the-brain-have-been-put-forward-Figure-based.jpg)
Two-dimensional-space-for-the-representation-of-emotions-57.png 714×463 pixels,https://www.researchgate.net/publication/271678083/figure/fig3/AS:614332756930574@1523479751493/Two-dimensional-space-for-the-representation-of-emotions-57.png,www.researchgate.net,Two-dimensional-space-for-the-representation-of-emotions-57.png 714×463 pixels,,1,0,![Two-dimensional-space-for-the-representation-of-emotions-57.png 714×463 pixels](https://www.researchgate.net/publication/271678083/figure/fig3/AS:614332756930574@1523479751493/Two-dimensional-space-for-the-representation-of-emotions-57.png)
"The-emotion-visualization-matrix-9.png 771×1,143 pixels",https://www.researchgate.net/publication/381672166/figure/fig1/AS:11431281254882131@1719320051868/The-emotion-visualization-matrix-9.png,www.researchgate.net,"The-emotion-visualization-matrix-9.png 771×1,143 pixels",,1,0,"![The-emotion-visualization-matrix-9.png 771×1,143 pixels](https://www.researchgate.net/publication/381672166/figure/fig1/AS:11431281254882131@1719320051868/The-emotion-visualization-matrix-9.png)"
Self-determination-theory-This-is-adapted-from-Ryan-and-Decis-theory.png 850×586 pixels,https://www.researchgate.net/publication/308179944/figure/fig5/AS:408122477826056@1474315389801/Self-determination-theory-This-is-adapted-from-Ryan-and-Decis-theory.png,www.researchgate.net,Self-determination-theory-This-is-adapted-from-Ryan-and-Decis-theory.png 850×586 pixels,,1,0,![Self-determination-theory-This-is-adapted-from-Ryan-and-Decis-theory.png 850×586 pixels](https://www.researchgate.net/publication/308179944/figure/fig5/AS:408122477826056@1474315389801/Self-determination-theory-This-is-adapted-from-Ryan-and-Decis-theory.png)
keys-to-motivation.jpg 800×600 pixels,https://www.scotthyoung.com/blog/wp-content/uploads/2025/08/keys-to-motivation.jpg,www.scotthyoung.com,keys-to-motivation.jpg 800×600 pixels,,1,0,![keys-to-motivation.jpg 800×600 pixels](https://www.scotthyoung.com/blog/wp-content/uploads/2025/08/keys-to-motivation.jpg)
15-levels-of-motivation_ALT_blog.png 600×600 pixels,https://www.scotthyoung.com/blog/wp-content/uploads/2020/10/15-levels-of-motivation_ALT_blog.png,www.scotthyoung.com,15-levels-of-motivation_ALT_blog.png 600×600 pixels,,1,0,![15-levels-of-motivation_ALT_blog.png 600×600 pixels](https://www.scotthyoung.com/blog/wp-content/uploads/2020/10/15-levels-of-motivation_ALT_blog.png)
"designing-for-motivation2.jpg 731×1,523 pixels",https://www.shiftelearning.com/hs-fs/hubfs/designing-for-motivation2.jpg?width=731&height=1523&name=designing-for-motivation2.jpg,www.shiftelearning.com,"designing-for-motivation2.jpg 731×1,523 pixels",,1,0,"![designing-for-motivation2.jpg 731×1,523 pixels](https://www.shiftelearning.com/hs-fs/hubfs/designing-for-motivation2.jpg?width=731&height=1523&name=designing-for-motivation2.jpg)"
"intrinsic-extrinsic-motivation.jpeg 1,920×1,067 pixels",https://www.simplypsychology.org/wp-content/uploads/intrinsic-extrinsic-motivation.jpeg,www.simplypsychology.org,"intrinsic-extrinsic-motivation.jpeg 1,920×1,067 pixels",,3,0,"![intrinsic-extrinsic-motivation.jpeg 1,920×1,067 pixels](https://www.simplypsychology.org/wp-content/uploads/intrinsic-extrinsic-motivation.jpeg)"
"gamification-motivation.jpg 1,080×1,080 pixels",https://www.simplypsychology.org/wp-content/uploads/gamification-motivation.jpg,www.simplypsychology.org,"gamification-motivation.jpg 1,080×1,080 pixels",,1,0,"![gamification-motivation.jpg 1,080×1,080 pixels](https://www.simplypsychology.org/wp-content/uploads/gamification-motivation.jpg)"
"limbic-system.jpg 1,920×1,344 pixels",https://www.simplypsychology.org/wp-content/uploads/limbic-system.jpg,www.simplypsychology.org,"limbic-system.jpg 1,920×1,344 pixels",,1,0,"![limbic-system.jpg 1,920×1,344 pixels](https://www.simplypsychology.org/wp-content/uploads/limbic-system.jpg)"
"Maslows-Hierarchy-8-Levels-1024x1024.jpeg 1,024×1,024 pixels",https://www.simplypsychology.org/wp-content/uploads/Maslows-Hierarchy-8-Levels-1024x1024.jpeg,www.simplypsychology.org,"Maslows-Hierarchy-8-Levels-1024x1024.jpeg 1,024×1,024 pixels",,1,0,"![Maslows-Hierarchy-8-Levels-1024x1024.jpeg 1,024×1,024 pixels](https://www.simplypsychology.org/wp-content/uploads/Maslows-Hierarchy-8-Levels-1024x1024.jpeg)"
"566-017_EmotionsWheel-01-1-1024x1024-1-1024x1024.jpeg 1,024×1,024 pixels",https://www.valleyoaks.org/wp-content/uploads/2022/01/566-017_EmotionsWheel-01-1-1024x1024-1-1024x1024.jpeg,www.valleyoaks.org,"566-017_EmotionsWheel-01-1-1024x1024-1-1024x1024.jpeg 1,024×1,024 pixels",,1,0,"![566-017_EmotionsWheel-01-1-1024x1024-1-1024x1024.jpeg 1,024×1,024 pixels](https://www.valleyoaks.org/wp-content/uploads/2022/01/566-017_EmotionsWheel-01-1-1024x1024-1-1024x1024.jpeg)"
"2795385-what-is-intrinsic-motivation-5afb187443a1030037f0b2a0.png 1,500×1,000 pixels",https://www.verywellmind.com/thmb/IDrYueqyenb4wgBcR8C37uUA-bQ=/1500x0/filters:no_upscale():max_bytes(150000):strip_icc()/2795385-what-is-intrinsic-motivation-5afb187443a1030037f0b2a0.png,www.verywellmind.com,"2795385-what-is-intrinsic-motivation-5afb187443a1030037f0b2a0.png 1,500×1,000 pixels",,2,0,"![2795385-what-is-intrinsic-motivation-5afb187443a1030037f0b2a0.png 1,500×1,000 pixels](https://www.verywellmind.com/thmb/IDrYueqyenb4wgBcR8C37uUA-bQ=/1500x0/filters:no_upscale():max_bytes(150000):strip_icc()/2795385-what-is-intrinsic-motivation-5afb187443a1030037f0b2a0.png)"
"the-incentive-theory-of-motivation-2795382-FINAL-5bf478c146e0fb002675f24c.png 1,500×1,000 pixels",https://www.verywellmind.com/thmb/No9C0U4XBXlktDIoTyyEtf3VwF4=/1500x0/filters:no_upscale():max_bytes(150000):strip_icc()/the-incentive-theory-of-motivation-2795382-FINAL-5bf478c146e0fb002675f24c.png,www.verywellmind.com,"the-incentive-theory-of-motivation-2795382-FINAL-5bf478c146e0fb002675f24c.png 1,500×1,000 pixels",,2,0,"![the-incentive-theory-of-motivation-2795382-FINAL-5bf478c146e0fb002675f24c.png 1,500×1,000 pixels](https://www.verywellmind.com/thmb/No9C0U4XBXlktDIoTyyEtf3VwF4=/1500x0/filters:no_upscale():max_bytes(150000):strip_icc()/the-incentive-theory-of-motivation-2795382-FINAL-5bf478c146e0fb002675f24c.png)"
"hierarchy-of-needs-diagram-of-human-motivation-622908872-5c6a480c46e0fb0001560d96.jpg 1,500×900 pixels",https://www.verywellmind.com/thmb/b8pjeAZruK3z0plGMdDK1INWoxI=/1500x0/filters:no_upscale():max_bytes(150000):strip_icc()/hierarchy-of-needs-diagram-of-human-motivation-622908872-5c6a480c46e0fb0001560d96.jpg,www.verywellmind.com,"hierarchy-of-needs-diagram-of-human-motivation-622908872-5c6a480c46e0fb0001560d96.jpg 1,500×900 pixels",,2,0,"![hierarchy-of-needs-diagram-of-human-motivation-622908872-5c6a480c46e0fb0001560d96.jpg 1,500×900 pixels](https://www.verywellmind.com/thmb/b8pjeAZruK3z0plGMdDK1INWoxI=/1500x0/filters:no_upscale():max_bytes(150000):strip_icc()/hierarchy-of-needs-diagram-of-human-motivation-622908872-5c6a480c46e0fb0001560d96.jpg)"
"drive-reduction-theory-2795381_FINAL_Text-08928789d3024a859cb4f977fdb9ca2d.png 1,500×1,000 pixels",https://www.verywellmind.com/thmb/x6hm6b8uOXg8Tok4U8xQgQi8P6Y=/1500x0/filters:no_upscale():max_bytes(150000):strip_icc()/drive-reduction-theory-2795381_FINAL_Text-08928789d3024a859cb4f977fdb9ca2d.png,www.verywellmind.com,"drive-reduction-theory-2795381_FINAL_Text-08928789d3024a859cb4f977fdb9ca2d.png 1,500×1,000 pixels",,2,0,"![drive-reduction-theory-2795381_FINAL_Text-08928789d3024a859cb4f977fdb9ca2d.png 1,500×1,000 pixels](https://www.verywellmind.com/thmb/x6hm6b8uOXg8Tok4U8xQgQi8P6Y=/1500x0/filters:no_upscale():max_bytes(150000):strip_icc()/drive-reduction-theory-2795381_FINAL_Text-08928789d3024a859cb4f977fdb9ca2d.png)"
"7-things-to-do-if-you-feel-emotional-5081880-FINAL-a153f54602764ed9bb991950040b18e7.png 3,000×2,000 pixels",https://www.verywellmind.com/thmb/QrMPbOlQaNHkgLKBAAvW-LwZV6U=/3000x0/filters:no_upscale():max_bytes(150000):strip_icc()/7-things-to-do-if-you-feel-emotional-5081880-FINAL-a153f54602764ed9bb991950040b18e7.png,www.verywellmind.com,"7-things-to-do-if-you-feel-emotional-5081880-FINAL-a153f54602764ed9bb991950040b18e7.png 3,000×2,000 pixels",,2,0,"![7-things-to-do-if-you-feel-emotional-5081880-FINAL-a153f54602764ed9bb991950040b18e7.png 3,000×2,000 pixels](https://www.verywellmind.com/thmb/QrMPbOlQaNHkgLKBAAvW-LwZV6U=/3000x0/filters:no_upscale():max_bytes(150000):strip_icc()/7-things-to-do-if-you-feel-emotional-5081880-FINAL-a153f54602764ed9bb991950040b18e7.png)"
"what-is-motivation-2795378_color4-5b61dbeec9e77c0050889e49.png 1,500×1,000 pixels",https://www.verywellmind.com/thmb/4akZH3LzYcM1I4R08ffLcu11SW0=/1500x0/filters:no_upscale():max_bytes(150000):strip_icc()/what-is-motivation-2795378_color4-5b61dbeec9e77c0050889e49.png,www.verywellmind.com,"what-is-motivation-2795378_color4-5b61dbeec9e77c0050889e49.png 1,500×1,000 pixels",,1,0,"![what-is-motivation-2795378_color4-5b61dbeec9e77c0050889e49.png 1,500×1,000 pixels](https://www.verywellmind.com/thmb/4akZH3LzYcM1I4R08ffLcu11SW0=/1500x0/filters:no_upscale():max_bytes(150000):strip_icc()/what-is-motivation-2795378_color4-5b61dbeec9e77c0050889e49.png)"
"theories-of-emotion-2795717-FINAL-2081b006dfd546209d32b1dfc69958d5.png 1,500×1,000 pixels",https://www.verywellmind.com/thmb/a6NqVDHftP1bbvzAZ5vKcGQh-Mc=/1500x0/filters:no_upscale():max_bytes(150000):strip_icc()/theories-of-emotion-2795717-FINAL-2081b006dfd546209d32b1dfc69958d5.png,www.verywellmind.com,"theories-of-emotion-2795717-FINAL-2081b006dfd546209d32b1dfc69958d5.png 1,500×1,000 pixels",,1,0,"![theories-of-emotion-2795717-FINAL-2081b006dfd546209d32b1dfc69958d5.png 1,500×1,000 pixels](https://www.verywellmind.com/thmb/a6NqVDHftP1bbvzAZ5vKcGQh-Mc=/1500x0/filters:no_upscale():max_bytes(150000):strip_icc()/theories-of-emotion-2795717-FINAL-2081b006dfd546209d32b1dfc69958d5.png)"
"what-are-emotions-2795178_color1-5b76d23ac9e77c0050245d75.png 1,500×1,000 pixels",https://www.verywellmind.com/thmb/n6TSTc8kT2HpsQkKwbMreXoaes0=/1500x0/filters:no_upscale():max_bytes(150000):strip_icc()/what-are-emotions-2795178_color1-5b76d23ac9e77c0050245d75.png,www.verywellmind.com,"what-are-emotions-2795178_color1-5b76d23ac9e77c0050245d75.png 1,500×1,000 pixels",,1,0,"![what-are-emotions-2795178_color1-5b76d23ac9e77c0050245d75.png 1,500×1,000 pixels](https://www.verywellmind.com/thmb/n6TSTc8kT2HpsQkKwbMreXoaes0=/1500x0/filters:no_upscale():max_bytes(150000):strip_icc()/what-are-emotions-2795178_color1-5b76d23ac9e77c0050245d75.png)"
"an-overview-of-the-types-of-emotions-4163976-abaafd59e7214706b7cd6326d0dd8257.png 1,500×1,000 pixels",https://www.verywellmind.com/thmb/EPTqCqMoIv9xPE3z2qFmrzDmpKw=/1500x0/filters:no_upscale():max_bytes(150000):strip_icc()/an-overview-of-the-types-of-emotions-4163976-abaafd59e7214706b7cd6326d0dd8257.png,www.verywellmind.com,"an-overview-of-the-types-of-emotions-4163976-abaafd59e7214706b7cd6326d0dd8257.png 1,500×1,000 pixels",,1,0,"![an-overview-of-the-types-of-emotions-4163976-abaafd59e7214706b7cd6326d0dd8257.png 1,500×1,000 pixels](https://www.verywellmind.com/thmb/EPTqCqMoIv9xPE3z2qFmrzDmpKw=/1500x0/filters:no_upscale():max_bytes(150000):strip_icc()/an-overview-of-the-types-of-emotions-4163976-abaafd59e7214706b7cd6326d0dd8257.png)"
